{"options":{"check_for_updates":true,"comment":null,"compat_foreach":false,"compat_metadata":false,"compat_powerful_this":null,"compat_wrappedjsobject":false,"compatopts_for_requires":true,"noframes":null,"override":{"merge_connects":true,"merge_excludes":true,"merge_includes":true,"merge_matches":true,"orig_connects":[],"orig_excludes":[],"orig_includes":[],"orig_matches":["https://mypikpak.com/*"],"orig_noframes":null,"orig_run_at":"document-idle","use_blockers":[],"use_connects":[],"use_excludes":[],"use_includes":[],"use_matches":[]},"run_at":null,"sandbox":null,"tab_types":null,"unwrap":null,"user_modified":null},"settings":{"enabled":true,"position":11},"meta":{"name":"Pikpak地区限制绕过","uuid":"5338f4bb-c814-4f4d-a981-c0de0a876a90","modified":1718794107072,"file_url":"https://update.greasyfork.org/scripts/473444/Pikpak%E5%9C%B0%E5%8C%BA%E9%99%90%E5%88%B6%E7%BB%95%E8%BF%87.user.js"}}