{"options":{"check_for_updates":true,"comment":null,"compat_foreach":false,"compat_metadata":false,"compat_powerful_this":null,"compat_wrappedjsobject":false,"compatopts_for_requires":true,"noframes":null,"override":{"merge_connects":true,"merge_excludes":true,"merge_includes":true,"merge_matches":true,"orig_connects":[],"orig_excludes":[],"orig_includes":[],"orig_matches":["*://www.52pojie.cn/*"],"orig_noframes":null,"orig_run_at":"document-end","use_blockers":[],"use_connects":[],"use_excludes":[],"use_includes":[],"use_matches":[]},"run_at":null,"sandbox":null,"tab_types":null,"unwrap":null,"user_modified":null},"settings":{"enabled":true,"position":2},"meta":{"name":"吾爱破解论坛增强 - 自动签到、翻页","uuid":"c827c1bd-abeb-49fe-aa59-d98f38b4c24f","modified":1718675434146,"file_url":"https://update.greasyfork.org/scripts/412680/%E5%90%BE%E7%88%B1%E7%A0%B4%E8%A7%A3%E8%AE%BA%E5%9D%9B%E5%A2%9E%E5%BC%BA%20-%20%E8%87%AA%E5%8A%A8%E7%AD%BE%E5%88%B0%E3%80%81%E7%BF%BB%E9%A1%B5.user.js"}}