{"ts":1742259445662,"data":{"cssData":"o{\"taobao\": {\"title\": [\"[class^='mainTitle--']\",\"[class^='ItemTitle--mainTitle--']\"],\"shop\": [\"[class^='shopName--']\",\"[class^='ShopHeader--shopName--']\"],\"goodsImg\": \"[class^='thumbnailPic--']\",\"insertCoupon\": [\"[class^='Actions--']\",\"[class^='Actions--root--']\"],\"itemQR\": []},\"tmall\": {\"title\": [\"[class^='mainTitle--']\",\"[class^='ItemHeader--mainTitle--']\",\"[class^='ItemTitle--mainTitle--']\"],\"shop\": [\"[class^='shopName--']\",\"[class^='ShopHeaderNew--shopName--']\",\"[class^='ShopHeader--shopName--']\"],\"goodsImg\": \"[class^='thumbnailPic--']\",\"insertCoupon\": [\"[class^='Actions--']\",\"[class^='Actions--root--']\"],\"itemQR\": [\".itemQR--L77_c29c\"]},\"tmallcaoshi\": {\"title\": [\"[class^='ItemHeader--mainTitle--']\",\"[class^='ItemTitle--mainTitle--']\"],\"shop\": [\"#none\"],\"insertCoupon\": [\"[class^='Actions--root--']\"],\"itemQR\": []},\"tmallhk\": {\"title\": [\"[class^='ItemHeader--mainTitle--']\",\"[class^='ItemTitle--mainTitle--']\"],\"shop\": [\"[class^='ShopHeader--title--']\"],\"insertCoupon\": [\"[class^='Actions--root--']\"],\"itemQR\": []},\"jd\": {\"insertCoupon\": [\"#choose-btns\"],\"qrcode\": [\".qrcode\"]},\"addTime\": 1742259439148}","getVersionTime":"n1719543113997","info":"o{\"endDayT\": 1718121599000,\"scriptD\": 1707211235080,\"version\": \"6.8.38\",\"useT\": 1718068557831}","installTime":"n1707211235080","runTipTime":"n1719543114861","setting_init_code":"s865746","setting_rpc_dir":"sD:","setting_rpc_domain":"shttp://localhost","setting_rpc_path":"s/jsonrpc","setting_rpc_port":"s16800","setting_rpc_token":"s","setting_terminal_type":"swc","setting_theme_color":"s#09AAFF","tbCoupon_815645511554":"o{\"code\": 200,\"data\": {\"coupon_info\": 0,\"youhuiquan\": 0,\"coupon_end_time\": 0,\"code_url\": \"https://s.click.taobao.com/a2ZQvNs\",\"status\": 2},\"addTime\": 1742259445662}","vcodeResult":"n1","versionOnline":"o[\"6\",\"9\",\"1\"]"}}