{"options":{"check_for_updates":true,"comment":null,"compat_foreach":false,"compat_metadata":false,"compat_powerful_this":null,"compat_wrappedjsobject":false,"compatopts_for_requires":true,"noframes":null,"override":{"merge_connects":true,"merge_excludes":true,"merge_includes":true,"merge_matches":true,"orig_connects":[],"orig_excludes":[],"orig_includes":[],"orig_matches":["*://*.zhihu.com/*"],"orig_noframes":null,"orig_run_at":"document-start","use_blockers":[],"use_connects":[],"use_excludes":[],"use_includes":[],"use_matches":[]},"run_at":null,"sandbox":null,"tab_types":null,"unwrap":null,"user_modified":null},"settings":{"enabled":true,"position":4},"meta":{"name":"知乎修改器🤜持续更新🤛努力实现功能最全的知乎配置插件","uuid":"9c7a59d3-7587-4205-a623-bed852511abe","modified":1737119676665,"file_url":"https://update.greasyfork.org/scripts/423404/%E7%9F%A5%E4%B9%8E%E4%BF%AE%E6%94%B9%E5%99%A8%F0%9F%A4%9C%E6%8C%81%E7%BB%AD%E6%9B%B4%E6%96%B0%F0%9F%A4%9B%E5%8A%AA%E5%8A%9B%E5%AE%9E%E7%8E%B0%E5%8A%9F%E8%83%BD%E6%9C%80%E5%85%A8%E7%9A%84%E7%9F%A5%E4%B9%8E%E9%85%8D%E7%BD%AE%E6%8F%92%E4%BB%B6.user.js"}}