{"ts":1742521348558,"data":{"pfConfig":"s{\"hiddenAnswerRightFooter\":true,\"hiddenReadMoreText\":true,\"hiddenAD\":true,\"hiddenDetailFollow\":true,\"hidden618HongBao\":true,\"hiddenZhihuZhiShop\":true,\"hiddenQuestionAD\":true,\"removeFromYanxuan\":true,\"removeFromEBook\":true,\"removeUnrealAnswer\":false,\"removeFollowVoteAnswer\":false,\"removeFollowVoteArticle\":false,\"removeFollowFQuestion\":false,\"removeBlockUserContent\":true,\"removeBlockUserContentList\":[],\"removeItemAboutAD\":false,\"removeItemAboutArticle\":false,\"removeItemAboutVideo\":false,\"removeItemAboutPin\":false,\"removeItemQuestionAsk\":false,\"removeLessVote\":false,\"lessVoteNumber\":100,\"removeLessVoteDetail\":false,\"lessVoteNumberDetail\":100,\"removeAnonymousAnswer\":false,\"removeMyOperateAtFollow\":false,\"removeTopAD\":true,\"suspensionHomeTab\":false,\"suspensionHomeTabPo\":\"left: 20px; top: 100px;\",\"suspensionHomeTabFixed\":true,\"suspensionFind\":false,\"suspensionFindPo\":\"left: 10px; top: 380px;\",\"suspensionFindFixed\":true,\"suspensionSearch\":false,\"suspensionSearchPo\":\"left: 10px; top: 400px;\",\"suspensionSearchFixed\":true,\"suspensionUser\":false,\"suspensionUserPo\":\"right: 60px; top: 100px;\",\"suspensionUserFixed\":true,\"suspensionPickUp\":true,\"suspensionPickupRight\":60,\"fetchInterceptStatus\":true,\"customizeCss\":\"\",\"answerOpen\":\"\",\"filterKeywords\":[],\"blockWordsAnswer\":[],\"showBlockUser\":true,\"versionHome\":\"1000\",\"versionAnswer\":\"1000\",\"versionArticle\":\"1000\",\"versionHomeIsPercent\":false,\"versionHomePercent\":\"70\",\"versionAnswerIsPercent\":false,\"versionAnswerPercent\":\"70\",\"versionArticleIsPercent\":false,\"versionArticlePercent\":\"70\",\"zoomImageType\":\"0\",\"zoomImageSize\":\"600\",\"showGIFinDialog\":false,\"globalTitle\":\"\",\"titleIco\":\"\",\"questionTitleTag\":true,\"listOutPutNotInterested\":false,\"fixedListItemMore\":false,\"highlightOriginal\":true,\"highlightListItem\":false,\"listItemCreatedAndModifiedTime\":true,\"answerItemCreatedAndModifiedTime\":true,\"questionCreatedAndModifiedTime\":true,\"articleCreateTimeToTop\":true,\"linkShopping\":\"0\",\"fontSizeForList\":15,\"fontSizeForAnswer\":15,\"fontSizeForArticle\":16,\"fontSizeForListTitle\":18,\"fontSizeForAnswerTitle\":22,\"fontSizeForArticleTitle\":24,\"contentLineHeight\":24,\"zoomListVideoType\":\"0\",\"zoomListVideoSize\":\"500\",\"hotKey\":true,\"theme\":2,\"themeLight\":0,\"themeDark\":1,\"colorText1\":\"\",\"commitModalSizeSameVersion\":true,\"listOutputToQuestion\":false,\"userHomeContentTimeTop\":true,\"userHomeTopBlockUser\":true,\"copyAnswerLink\":true,\"contentRemoveKeywordSearch\":false,\"topExportContent\":true,\"zoomImageHeight\":\"0\",\"zoomImageHeightSize\":\"100\",\"t\":1739756443579}","pfHistory":"s{\"list\":[\"<a href=\\\"https://www.zhihu.com/zvideo/1805398247004573698\\\" target=\\\"_blank\\\"><b style=\\\"color: #12c2e9\\\">「视频」</b>有哪些你终生不想看第二遍的视频？</a>\",\"<a href=\\\"https://www.zhihu.com/question/663457987/answer/3594613739\\\" target=\\\"_blank\\\"><b style=\\\"color: #ec7259\\\">「问题」</b>为什么F16现在被吹的那么强？</a>\",\"<a href=\\\"https://www.zhihu.com/question/629634106/answer/3311564592\\\" target=\\\"_blank\\\"><b style=\\\"color: #ec7259\\\">「问题」</b>兄妹之间出现这样的聊天是否正常?</a>\",\"<a href=\\\"https://www.zhihu.com/question/632071630/answer/3556429467\\\" target=\\\"_blank\\\"><b style=\\\"color: #ec7259\\\">「问题」</b>为什么有的外卖员要装摄像头在身上拍视频发网上？</a>\",\"<a href=\\\"https://www.zhihu.com/question/657594635/answer/3594805041\\\" target=\\\"_blank\\\"><b style=\\\"color: #ec7259\\\">「问题」</b>为什么很少看到新疆的IP?</a>\",\"<a href=\\\"https://zhuanlan.zhihu.com/p/713124874\\\" target=\\\"_blank\\\"><b style=\\\"color: #00965e\\\">「文章」</b>世界反兴奋剂机构深度揭批美国对违禁运动员操作内幕；巴黎奥运会男子 4x100 米首轮，中国队小组第一闯进决赛｜早报 20240809</a>\",\"<a href=\\\"https://www.zhihu.com/question/378231496/answer/3182817657\\\" target=\\\"_blank\\\">什么叫“杀人诛心”？</a>\",\"<a href=\\\"https://www.zhihu.com/question/600714845/answer/3266447394\\\" target=\\\"_blank\\\">人到底经历什么，才能大彻大悟？</a>\",\"<a href=\\\"https://www.zhihu.com/question/478824695/answer/3256590497\\\" target=\\\"_blank\\\">犹太人到底干了什么被全世界仇视？</a>\",\"<a href=\\\"https://www.zhihu.com/question/368062487/answer/3258548471\\\" target=\\\"_blank\\\">每个人说一个行业的秘密吧？</a>\",\"<a href=\\\"https://www.zhihu.com/question/619960655/answer/3192806622\\\" target=\\\"_blank\\\">为什么一夜之间，华为在知乎的舆论风向发生了这么大反转？</a>\",\"<a href=\\\"https://www.zhihu.com/question/610358729/answer/3186863250\\\" target=\\\"_blank\\\">为什么年龄越大越沉默？</a>\",\"<a href=\\\"https://www.zhihu.com/question/593808844/answer/3282376617\\\" target=\\\"_blank\\\">40岁以后，你发现哪些钱根本没必要花？</a>\",\"<a href=\\\"https://www.zhihu.com/question/620221745/answer/3200631461\\\" target=\\\"_blank\\\">马云也搞不明白：为什么现在用户偏爱微信支付，而不是支付宝？</a>\",\"<a href=\\\"https://www.zhihu.com/question/522873114/answer/2927626716\\\" target=\\\"_blank\\\">中年男人最大的悲哀是什么？</a>\",\"<a href=\\\"https://www.zhihu.com/question/32328785/answer/3177121492\\\" target=\\\"_blank\\\">据说N多女星被王林大师床上开光了，是真的吗？女星就这么容易被骗？</a>\",\"<a href=\\\"https://www.zhihu.com/question/301814081/answer/2878892056\\\" target=\\\"_blank\\\">中国人口这么多，为什么顶端人才比不了西方？</a>\",\"<a href=\\\"https://www.zhihu.com/question/574249291/answer/3028464471\\\" target=\\\"_blank\\\">为什么银行不建议买金条？</a>\",\"<a href=\\\"https://www.zhihu.com/question/358755951/answer/3193148065\\\" target=\\\"_blank\\\">什么叫降维打击？</a>\",\"<a href=\\\"https://www.zhihu.com/question/538690869/answer/2873093433\\\" target=\\\"_blank\\\">你见过的狠人有多绝?</a>\",\"<a href=\\\"https://www.zhihu.com/question/612870988/answer/3225259981\\\" target=\\\"_blank\\\">被查房时怎么证明是情侣关系？</a>\",\"<a href=\\\"https://www.zhihu.com/question/522654731/answer/2732723840\\\" target=\\\"_blank\\\">没人发现俄罗斯这仗打的不对劲吗?</a>\",\"<a href=\\\"https://www.zhihu.com/question/623667227/answer/3231110636\\\" target=\\\"_blank\\\">日本人知道我们比较仇视他们吗？</a>\",\"<a href=\\\"https://www.zhihu.com/question/21696230/answer/2807651431\\\" target=\\\"_blank\\\">你是明白了哪几个基本原理之后而厨艺大增的？</a>\",\"<a href=\\\"https://www.zhihu.com/question/291754807/answer/2791640568\\\" target=\\\"_blank\\\">为什么许多人反对器官捐献？</a>\",\"<a href=\\\"https://www.zhihu.com/question/583945595/answer/3182769602\\\" target=\\\"_blank\\\">现在世界都在为战争做准备，会演变成世界大战吗？</a>\",\"<a href=\\\"https://www.zhihu.com/question/332957283/answer/3046406861\\\" target=\\\"_blank\\\">自认为很红却被现实打脸的明星有谁？</a>\",\"<a href=\\\"https://www.zhihu.com/question/65975254/answer/2620037322\\\" target=\\\"_blank\\\">有哪些事让你看到人性的黑暗？</a>\",\"<a href=\\\"https://www.zhihu.com/question/610070275/answer/3155580716\\\" target=\\\"_blank\\\">37岁的单亲妈妈，我是17岁的儿子，用她的电脑时，偶然发现了藏在文件夹里的A片，要不要和妈妈谈谈？</a>\",\"<a href=\\\"https://www.zhihu.com/question/323158098/answer/3233888561\\\" target=\\\"_blank\\\">国企有什么不成文的规定？</a>\",\"<a href=\\\"https://www.zhihu.com/question/543076389/answer/3082837093\\\" target=\\\"_blank\\\">为什么马的腿断了必须死？</a>\",\"<a href=\\\"https://www.zhihu.com/question/265795049/answer/3173930743\\\" target=\\\"_blank\\\">为什么抖音上的姑娘都那么好看，现实中我怎么一个也见不着？</a>\",\"<a href=\\\"https://www.zhihu.com/question/353139840/answer/3167657546\\\" target=\\\"_blank\\\">现在怎么见不到黑社会了？</a>\",\"<a href=\\\"https://www.zhihu.com/question/304889491/answer/3015226152\\\" target=\\\"_blank\\\">为什么网吧老板不会赶走蹭睡的人？</a>\",\"<a href=\\\"https://www.zhihu.com/question/418915978/answer/3105776627\\\" target=\\\"_blank\\\">为什么往死里扫黄？</a>\",\"<a href=\\\"https://www.zhihu.com/question/402966298/answer/2717373145\\\" target=\\\"_blank\\\">普通人跨越阶层有多难?</a>\",\"<a href=\\\"https://www.zhihu.com/question/32190224/answer/3214241835\\\" target=\\\"_blank\\\">一个人在体制内待久了会变成什么样？</a>\",\"<a href=\\\"https://www.zhihu.com/question/522873114/answer/2885957669\\\" target=\\\"_blank\\\">中年男人最大的悲哀是什么？</a>\",\"<a href=\\\"https://www.zhihu.com/question/402377672/answer/3236582313\\\" target=\\\"_blank\\\">在知乎上最大的一次反转事件是什么？</a>\",\"<a href=\\\"https://www.zhihu.com/question/624634396/answer/3236738405\\\" target=\\\"_blank\\\">如何看待温州舅妈大闹婚礼事件?</a>\",\"<a href=\\\"https://www.zhihu.com/question/593131939/answer/3211554382\\\" target=\\\"_blank\\\">400万存款能否躺平？</a>\"],\"view\":[\"<a href=\\\"https://www.zhihu.com/question/651239302\\\" target=\\\"_blank\\\">什么是打印机的WSD端口？ ---- 回答: /question/651239302</a>\",\"<a href=\\\"https://zhuanlan.zhihu.com/p/656697890\\\" target=\\\"_blank\\\">Ubuntu发行版本和Linux内核版本，傻傻分不清楚？</a>\",\"<a href=\\\"https://zhuanlan.zhihu.com/p/12696696045\\\" target=\\\"_blank\\\">Excel表格的列宽和行高如何自适应A4页面</a>\",\"<a href=\\\"https://zhuanlan.zhihu.com/p/26615671831\\\" target=\\\"_blank\\\">4K壁纸 哪吒2壁纸合集 10张</a>\",\"<a href=\\\"https://zhuanlan.zhihu.com/p/26867293536\\\" target=\\\"_blank\\\">4K壁纸 哪吒2壁纸合集 6张 手机+电脑</a>\",\"<a href=\\\"https://zhuanlan.zhihu.com/p/666761068\\\" target=\\\"_blank\\\">电子税务局中查询所有开具及收到的纸质发票和数电发票流程</a>\",\"<a href=\\\"https://zhuanlan.zhihu.com/p/524849374\\\" target=\\\"_blank\\\">多个vmess链接管理成一个base64订阅地址</a>\",\"<a href=\\\"https://zhuanlan.zhihu.com/p/571395203\\\" target=\\\"_blank\\\">手把手教你网上注册公司（全流程图文）</a>\",\"<a href=\\\"https://zhuanlan.zhihu.com/p/98384704\\\" target=\\\"_blank\\\">tmux使用教程</a>\",\"<a href=\\\"https://zhuanlan.zhihu.com/p/141408742\\\" target=\\\"_blank\\\">全国首个高速收费计算器正式上线</a>\",\"<a href=\\\"https://zhuanlan.zhihu.com/p/77788834\\\" target=\\\"_blank\\\">图文解释什么是 地线， 零线，火线</a>\",\"<a href=\\\"https://zhuanlan.zhihu.com/p/77788834\\\" target=\\\"_blank\\\">https://zhuanlan.zhihu.com/p/77788834</a>\",\"<a href=\\\"https://zhuanlan.zhihu.com/p/344708133\\\" target=\\\"_blank\\\">苹果mac系统怎么打开hosts文件|mac系统编辑hosts文件的方法</a>\",\"<a href=\\\"https://zhuanlan.zhihu.com/p/344708133\\\" target=\\\"_blank\\\">https://zhuanlan.zhihu.com/p/344708133</a>\",\"<a href=\\\"https://zhuanlan.zhihu.com/p/356558568\\\" target=\\\"_blank\\\">相纸尺寸</a>\",\"<a href=\\\"https://zhuanlan.zhihu.com/p/356558568\\\" target=\\\"_blank\\\">https://zhuanlan.zhihu.com/p/356558568</a>\",\"<a href=\\\"https://www.zhihu.com/question/587143930\\\" target=\\\"_blank\\\">有什么树莓派的代替品吗?</a>\",\"<a href=\\\"https://www.zhihu.com/question/587143930\\\" target=\\\"_blank\\\">https://www.zhihu.com/question/587143930</a>\",\"<a href=\\\"https://zhuanlan.zhihu.com/p/541563664\\\" target=\\\"_blank\\\">超全！提取视频&视频号方法来了，简单又免费！</a>\",\"<a href=\\\"https://zhuanlan.zhihu.com/p/686251778\\\" target=\\\"_blank\\\">微信视频号怎么提取视频？4种方法解决！</a>\",\"<a href=\\\"https://zhuanlan.zhihu.com/p/686251778\\\" target=\\\"_blank\\\">https://zhuanlan.zhihu.com/p/686251778</a>\",\"<a href=\\\"https://zhuanlan.zhihu.com/p/664280896/\\\" target=\\\"_blank\\\">（已失效）阿里云盘自动每日签到（增加每月最后一天领取本月奖励的功能）</a>\",\"<a href=\\\"https://zhuanlan.zhihu.com/p/51562857\\\" target=\\\"_blank\\\">投影仪连接电脑方法</a>\",\"<a href=\\\"https://zhuanlan.zhihu.com/p/51562857\\\" target=\\\"_blank\\\">https://zhuanlan.zhihu.com/p/51562857</a>\",\"<a href=\\\"https://zhuanlan.zhihu.com/p/690478767\\\" target=\\\"_blank\\\">绿联 安装Frpc内网穿透</a>\",\"<a href=\\\"https://zhuanlan.zhihu.com/p/643179804\\\" target=\\\"_blank\\\">https://zhuanlan.zhihu.com/p/643179804</a>\",\"<a href=\\\"https://zhuanlan.zhihu.com/p/690046021\\\" target=\\\"_blank\\\">RustDesk - 免费开源远程桌面控制软件！流畅不限速/可自建服务器 (替代 TeamViewer)</a>\",\"<a href=\\\"https://zhuanlan.zhihu.com/p/36037822\\\" target=\\\"_blank\\\">Linux 系统中 sudo 命令的 10 个技巧</a>\",\"<a href=\\\"https://zhuanlan.zhihu.com/p/474874139\\\" target=\\\"_blank\\\">WiFi信号死角终极解决方案—锐捷小兔子信号放大器体验</a>\",\"<a href=\\\"https://zhuanlan.zhihu.com/p/128039664\\\" target=\\\"_blank\\\">装修干货 | 详细装修验收流程</a>\",\"<a href=\\\"https://zhuanlan.zhihu.com/p/133994410\\\" target=\\\"_blank\\\">抖音抖加是什么？dou+怎么投放？豆荚什么时候投最好？</a>\",\"<a href=\\\"https://zhuanlan.zhihu.com/p/297684039\\\" target=\\\"_blank\\\">记录我曲折的webDav配置之路（macbook篇）</a>\",\"<a href=\\\"https://zhuanlan.zhihu.com/p/612368639\\\" target=\\\"_blank\\\">如何在 macOS 使用 AList + RCLONE 把网盘挂载到本地</a>\",\"<a href=\\\"https://zhuanlan.zhihu.com/p/54502327\\\" target=\\\"_blank\\\">Mac上的文件管理技巧</a>\",\"<a href=\\\"https://zhuanlan.zhihu.com/p/467638623\\\" target=\\\"_blank\\\">Apache 与 Nginx：你应该选择哪个 Web 服务器</a>\",\"<a href=\\\"https://www.zhihu.com/question/19873013\\\" target=\\\"_blank\\\">Mac OS X 上有什么好的远程桌面操控软件吗？</a>\",\"<a href=\\\"https://zhuanlan.zhihu.com/p/88166871\\\" target=\\\"_blank\\\">macOS 远程桌面计划</a>\",\"<a href=\\\"https://zhuanlan.zhihu.com/p/686482396\\\" target=\\\"_blank\\\">Mac远程连接服务器的保姆级教程</a>\",\"<a href=\\\"https://zhuanlan.zhihu.com/p/679412640\\\" target=\\\"_blank\\\">教程 | 基于 CloudFlare API 部署 DDNS | Debian</a>\",\"<a href=\\\"https://zhuanlan.zhihu.com/p/61764068\\\" target=\\\"_blank\\\">Nginx反向代理https，配置lets-encrypt证书教程</a>\",\"<a href=\\\"https://zhuanlan.zhihu.com/p/196638669\\\" target=\\\"_blank\\\">Let's Encrypt 安装配置教程，免费的 SSL 证书</a>\",\"<a href=\\\"https://zhuanlan.zhihu.com/p/620135485\\\" target=\\\"_blank\\\">CloudFlare添加站点域名，配置CDN, HTTPS SSL证书</a>\",\"<a href=\\\"https://zhuanlan.zhihu.com/p/563410571\\\" target=\\\"_blank\\\">telegram media downloader用法，版本v2.0.2, 2022-07-26</a>\",\"<a href=\\\"https://zhuanlan.zhihu.com/p/591394980\\\" target=\\\"_blank\\\">Windows恢复分区丢失了怎么恢复？</a>\",\"<a href=\\\"https://zhuanlan.zhihu.com/p/680985611\\\" target=\\\"_blank\\\">如何修复 Windows 10 KB5034441 无法安装并出现 0x80070643 错误</a>\",\"<a href=\\\"https://zhuanlan.zhihu.com/p/677103293\\\" target=\\\"_blank\\\">Windows10更新失败 错误 0x80070643、KB5034441的原因分析和几个解决方法</a>\",\"<a href=\\\"https://www.zhihu.com/question/393259378\\\" target=\\\"_blank\\\">如何以「张」字姓氏取一个惊艳的名字？</a>\",\"<a href=\\\"https://zhuanlan.zhihu.com/p/153555873\\\" target=\\\"_blank\\\">2021年国内外离线下载服务全面评测与总结</a>\",\"<a href=\\\"https://zhuanlan.zhihu.com/p/456746495\\\" target=\\\"_blank\\\">十大国外常用网盘推荐</a>\",\"<a href=\\\"https://zhuanlan.zhihu.com/p/381186448\\\" target=\\\"_blank\\\">推荐9款十分靠谱的网盘空间(网络云盘）</a>\",\"<a href=\\\"https://zhuanlan.zhihu.com/p/657127477\\\" target=\\\"_blank\\\">淘宝88VIP夸克网盘权益调整 离线下载没了</a>\",\"<a href=\\\"https://www.zhihu.com/question/41831938\\\" target=\\\"_blank\\\">葫芦娃是哪里人？</a>\",\"<a href=\\\"https://www.zhihu.com/question/314284735\\\" target=\\\"_blank\\\">有没有mac版安卓模拟器？</a>\",\"<a href=\\\"https://zhuanlan.zhihu.com/p/481965930\\\" target=\\\"_blank\\\">在docker中如何安装部署宝塔面板</a>\",\"<a href=\\\"https://zhuanlan.zhihu.com/p/675077577\\\" target=\\\"_blank\\\">ZeroTrust（零信任）的WARP模式实现分流</a>\",\"<a href=\\\"https://zhuanlan.zhihu.com/p/543045993\\\" target=\\\"_blank\\\">使用CloudFlare Zero Trust配置穿透</a>\",\"<a href=\\\"https://zhuanlan.zhihu.com/p/651908375\\\" target=\\\"_blank\\\">科普篇｜Zero Trust 零信任安全｜什么是零信任网络？</a>\",\"<a href=\\\"https://zhuanlan.zhihu.com/p/652620169\\\" target=\\\"_blank\\\">教你如何从google play商店下载apk</a>\",\"<a href=\\\"https://zhuanlan.zhihu.com/p/652620169\\\" target=\\\"_blank\\\">https://zhuanlan.zhihu.com/p/652620169</a>\",\"<a href=\\\"https://zhuanlan.zhihu.com/p/465104171\\\" target=\\\"_blank\\\">【玩机教程】小米手机详细官方解BL锁🔒教程</a>\",\"<a href=\\\"https://zhuanlan.zhihu.com/p/388983079\\\" target=\\\"_blank\\\">AUTOCAD——隔离</a>\",\"<a href=\\\"https://www.zhihu.com/question/484810627\\\" target=\\\"_blank\\\">CAD孤立图层的快捷键是什么？</a>\",\"<a href=\\\"https://zhuanlan.zhihu.com/p/340571209\\\" target=\\\"_blank\\\">PS描边方法</a>\",\"<a href=\\\"https://zhuanlan.zhihu.com/p/273634724\\\" target=\\\"_blank\\\">终于解决了mac CAD 2021许可检出超时</a>\",\"<a href=\\\"https://zhuanlan.zhihu.com/p/264432144\\\" target=\\\"_blank\\\">室内设计师的职责</a>\",\"<a href=\\\"https://zhuanlan.zhihu.com/p/572232521\\\" target=\\\"_blank\\\">路由器IPV6配置教程</a>\",\"<a href=\\\"https://zhuanlan.zhihu.com/p/140004463\\\" target=\\\"_blank\\\">奔涌的IPv6背后，DHCPv6协议你了解多少？</a>\",\"<a href=\\\"https://zhuanlan.zhihu.com/p/32621568\\\" target=\\\"_blank\\\">Win10系统下如何将公用网络设置为专用网络</a>\",\"<a href=\\\"https://www.zhihu.com/question/310923332/answers/updated\\\" target=\\\"_blank\\\">米家APP为什么没有电脑版？</a>\",\"<a href=\\\"https://zhuanlan.zhihu.com/p/360052684\\\" target=\\\"_blank\\\">《建筑给水排水设计标准》GB 50015-2019上</a>\",\"<a href=\\\"https://www.zhihu.com/question/344549625\\\" target=\\\"_blank\\\">居民自来水入户压力的国家标准是多少？</a>\",\"<a href=\\\"https://zhuanlan.zhihu.com/p/232295566\\\" target=\\\"_blank\\\">5分钟学会Photoshop：选区（选区的基本操作）</a>\",\"<a href=\\\"https://www.zhihu.com/question/517625032\\\" target=\\\"_blank\\\">为什么网上酷我的破解版多，而同在腾讯旗下的酷狗跟QQ音乐却很少有出现硬解版的，这是为什么呢？</a>\",\"<a href=\\\"https://www.zhihu.com/question/20851727\\\" target=\\\"_blank\\\">你见过最美的古汉语词汇是什么？</a>\",\"<a href=\\\"https://www.zhihu.com/question/56670220\\\" target=\\\"_blank\\\">有什么高调而有内涵的队名？</a>\",\"<a href=\\\"https://www.zhihu.com/question/360072406\\\" target=\\\"_blank\\\">有什么团队名字可以取?</a>\",\"<a href=\\\"https://zhuanlan.zhihu.com/p/29564276\\\" target=\\\"_blank\\\">网络打印机安全技术初探</a>\",\"<a href=\\\"https://www.zhihu.com/question/326161810\\\" target=\\\"_blank\\\">打印机连在一级路由的无线网络上，如何让二级路由的设备也能访问？？</a>\",\"<a href=\\\"https://www.zhihu.com/question/528068847\\\" target=\\\"_blank\\\">https://www.zhihu.com/question/528068847</a>\",\"<a href=\\\"https://zhuanlan.zhihu.com/p/150879173\\\" target=\\\"_blank\\\">在 Ubuntu 中使用轻量的 Apt 软件包管理器 Synaptic | Linux 中国</a>\",\"<a href=\\\"https://zhuanlan.zhihu.com/p/428734675\\\" target=\\\"_blank\\\">dpkg: 处理软件包 xxx (--configure)时出错解决方法</a>\",\"<a href=\\\"https://zhuanlan.zhihu.com/p/559756525\\\" target=\\\"_blank\\\">新国标GBT18883-2022《室内空气质量标准》介绍</a>\",\"<a href=\\\"https://zhuanlan.zhihu.com/p/564321721\\\" target=\\\"_blank\\\">什么是ENF环保标准？ENF级板材和E0级哪个好？</a>\",\"<a href=\\\"https://www.zhihu.com/question/423728230\\\" target=\\\"_blank\\\">GB50325新国标甲醛、苯、TVOC检测的新国标准是多少？</a>\",\"<a href=\\\"https://zhuanlan.zhihu.com/p/364996556\\\" target=\\\"_blank\\\">苹果Mac系统中各个文件夹介绍，超详细！</a>\",\"<a href=\\\"https://zhuanlan.zhihu.com/p/91852414\\\" target=\\\"_blank\\\">MAC系统分区的目录结构</a>\",\"<a href=\\\"https://zhuanlan.zhihu.com/p/511825108\\\" target=\\\"_blank\\\">ubuntu22.04+win10 2004双系统折腾修复grub引导小记</a>\",\"<a href=\\\"https://zhuanlan.zhihu.com/p/473977872\\\" target=\\\"_blank\\\">Ubuntu 更改磁盘分区（扩容）</a>\",\"<a href=\\\"https://zhuanlan.zhihu.com/p/43639374\\\" target=\\\"_blank\\\">自己动手制作BIOS+UEFI方式的U盘启动盘</a>\",\"<a href=\\\"https://zhuanlan.zhihu.com/p/480603200\\\" target=\\\"_blank\\\">如何备份整个硬盘为镜像文件？</a>\",\"<a href=\\\"https://www.zhihu.com/question/441461348/answer/2906794762\\\" target=\\\"_blank\\\">为什么直接PPPoE拨号，获取到的IPv6非常长，且和网卡MAC无关，而路由器DHCPv6给的却很短？</a>\",\"<a href=\\\"https://zhuanlan.zhihu.com/p/653328689\\\" target=\\\"_blank\\\">无状态地址自动配置 (SLAAC)</a>\",\"<a href=\\\"https://zhuanlan.zhihu.com/p/320119113\\\" target=\\\"_blank\\\">docker-入门&环境搭建安装&使用</a>\",\"<a href=\\\"https://zhuanlan.zhihu.com/p/660583222\\\" target=\\\"_blank\\\">内存卡数据备份有什么方法？分享一些好用的备份方法</a>\",\"<a href=\\\"https://zhuanlan.zhihu.com/p/658215201\\\" target=\\\"_blank\\\">3.5k Star! 一分钟，搭建一个属于你自己的开发工具箱——It-tools</a>\",\"<a href=\\\"https://www.zhihu.com/zvideo/1614916232347541504\\\" target=\\\"_blank\\\">将多个pdf电子发票打印A4纸一半大小原来方法这么简单</a>\",\"<a href=\\\"https://zhuanlan.zhihu.com/p/571240958\\\" target=\\\"_blank\\\">解决Debian网速慢问题(Ubuntu、Linux Mint等衍生版)</a>\",\"<a href=\\\"https://zhuanlan.zhihu.com/p/638517314\\\" target=\\\"_blank\\\">谁是远程界的天花板？2023年5款最常用的远程软件横测：ToDesk、向日葵、TeamViewer、Splashtop、AnyDesk</a>\",\"<a href=\\\"https://zhuanlan.zhihu.com/p/590681046\\\" target=\\\"_blank\\\">大内网战略(1)：使用 Tailscale 搭建 VNet</a>\",\"<a href=\\\"https://zhuanlan.zhihu.com/p/433880308\\\" target=\\\"_blank\\\">异地组网—— 软路由 zerotier 体验</a>\",\"<a href=\\\"https://zhuanlan.zhihu.com/p/393539594\\\" target=\\\"_blank\\\">异地组建局域网，10年老网工总结的八种解决方案，你是否都懂了</a>\",\"<a href=\\\"https://zhuanlan.zhihu.com/p/601848839\\\" target=\\\"_blank\\\">使用Wireguard进行异地组网</a>\",\"<a href=\\\"https://zhuanlan.zhihu.com/p/447375895\\\" target=\\\"_blank\\\">被Linux创始人称做艺术品的组网神器——WireGuard</a>\",\"<a href=\\\"https://zhuanlan.zhihu.com/p/590989390\\\" target=\\\"_blank\\\">什么是 Web 推送通知及其工作原理？（解释）</a>\",\"<a href=\\\"https://www.zhihu.com/question/624841875/answer/3240308894\\\" target=\\\"_blank\\\">国内域名一定要备案吗？</a>\",\"<a href=\\\"https://zhuanlan.zhihu.com/p/81212996\\\" target=\\\"_blank\\\">如何在 Ubuntu 中检查你的 IP 地址</a>\",\"<a href=\\\"https://zhuanlan.zhihu.com/p/659744720\\\" target=\\\"_blank\\\">「智能家居」N1刷机armbian、openwrt、电视盒子</a>\",\"<a href=\\\"https://zhuanlan.zhihu.com/p/643637790\\\" target=\\\"_blank\\\">chat gpt在线网页版 国内免费使用</a>\",\"<a href=\\\"https://www.zhihu.com/zvideo/1670090158681657344\\\" target=\\\"_blank\\\">1 小时教你学会 Docker</a>\",\"<a href=\\\"https://zhuanlan.zhihu.com/p/626093073\\\" target=\\\"_blank\\\">一个超好用的消息推送工具：server酱</a>\",\"<a href=\\\"https://www.zhihu.com/question/268877146\\\" target=\\\"_blank\\\">是不是国内的云服务器都需要备案？</a>\",\"<a href=\\\"https://zhuanlan.zhihu.com/p/653361248\\\" target=\\\"_blank\\\">使用1panel面板 超简单方式 通过docker安装本地Vaultwarden密码管理器，用nginx反向代理端口使用https（本地搭建，动态域名，端口映射）</a>\",\"<a href=\\\"https://zhuanlan.zhihu.com/p/359868640\\\" target=\\\"_blank\\\">Docker之docker-compose（介绍，安装及入门示例）</a>\",\"<a href=\\\"https://zhuanlan.zhihu.com/p/529054798\\\" target=\\\"_blank\\\">把蓝奏云挂载为本地硬盘，随意批量下载蓝奏云文件，方便我们将蓝奏云的文件批量下载到本地</a>\",\"<a href=\\\"https://zhuanlan.zhihu.com/p/621593509\\\" target=\\\"_blank\\\">一文让你全面了解K8s(Kubernetes)</a>\",\"<a href=\\\"https://zhuanlan.zhihu.com/p/624698766\\\" target=\\\"_blank\\\">推荐两个代替宝塔面板的面板</a>\",\"<a href=\\\"https://zhuanlan.zhihu.com/p/651148141\\\" target=\\\"_blank\\\">最详细的ubuntu 安装 docker教程</a>\",\"<a href=\\\"https://zhuanlan.zhihu.com/p/361936953\\\" target=\\\"_blank\\\">在Ubuntu Docker中安装Colmap</a>\",\"<a href=\\\"https://www.zhihu.com/question/20541129/answers/updated\\\" target=\\\"_blank\\\">macOS 平台有哪些好用的 SSH 客户端？</a>\",\"<a href=\\\"https://zhuanlan.zhihu.com/p/596755731\\\" target=\\\"_blank\\\">免费内网穿透教程整合版-无需公网IP、快速实现外网访问、穿透群晖nas、远程控制等</a>\",\"<a href=\\\"https://zhuanlan.zhihu.com/p/71730725\\\" target=\\\"_blank\\\">[安卓]使用idm+突破百度网盘下载限速</a>\",\"<a href=\\\"https://zhuanlan.zhihu.com/p/267783446\\\" target=\\\"_blank\\\">安卓上的IDM，最强下载器</a>\",\"<a href=\\\"https://zhuanlan.zhihu.com/p/650207716\\\" target=\\\"_blank\\\">Vidhub - 国产 Infuse 平替</a>\",\"<a href=\\\"https://www.zhihu.com/question/569400243\\\" target=\\\"_blank\\\">有哪些装修保护措施一定要做好？</a>\",\"<a href=\\\"https://zhuanlan.zhihu.com/p/629476969\\\" target=\\\"_blank\\\">阿里云盘自动每日签到，无需部署，无需服务器</a>\",\"<a href=\\\"https://zhuanlan.zhihu.com/p/643179804\\\" target=\\\"_blank\\\">阿里云盘自动每日签到，无需部署，无需服务器（二次创作）</a>\",\"<a href=\\\"https://zhuanlan.zhihu.com/p/586817554\\\" target=\\\"_blank\\\">Mac高手都在用的5款必备软件，Mac体验倍增神器！</a>\",\"<a href=\\\"https://zhuanlan.zhihu.com/p/265521350\\\" target=\\\"_blank\\\">求Mac电脑复制粘贴提示音的软件</a>\",\"<a href=\\\"https://www.zhihu.com/question/35710881/answer/64092777\\\" target=\\\"_blank\\\">Macbook （New 12“）是否会在短期内被淘汰？</a>\",\"<a href=\\\"https://zhuanlan.zhihu.com/p/367821925\\\" target=\\\"_blank\\\">【2023年】五分钟注册美区AppleID，手把手教，稳定且耐用！</a>\",\"<a href=\\\"https://zhuanlan.zhihu.com/p/589863812\\\" target=\\\"_blank\\\">Mac磁盘空间怎么查看 Mac电脑如何释放磁盘空间</a>\",\"<a href=\\\"https://www.zhihu.com/question/437766798/answer/2972961205\\\" target=\\\"_blank\\\">如何提取苹果手机上安装的软件的ipa？</a>\",\"<a href=\\\"https://zhuanlan.zhihu.com/p/615567408\\\" target=\\\"_blank\\\">可能是最简单的导出iOS App ipa包的方法了</a>\",\"<a href=\\\"https://www.zhihu.com/question/526102163/answer/2593745489\\\" target=\\\"_blank\\\">”此扩展不是来自任何已知来源，可能是在你不知情的情况下添加的“该怎么破?</a>\",\"<a href=\\\"https://zhuanlan.zhihu.com/p/564983906\\\" target=\\\"_blank\\\">苹果MacOS游戏推荐（持续更新）</a>\",\"<a href=\\\"https://www.zhihu.com/question/319316132\\\" target=\\\"_blank\\\">macOS破解软件的许可证的TNT团队到底是什么神秘的组织？</a>\",\"<a href=\\\"https://zhuanlan.zhihu.com/p/593330340\\\" target=\\\"_blank\\\">海外Apple ID出现“未激活状态”、“已停用”解决方法！2023 亲测有效</a>\"],\"t\":1742521348557}"}}