{"options":{"check_for_updates":true,"comment":null,"compat_foreach":false,"compat_metadata":false,"compat_powerful_this":null,"compat_wrappedjsobject":false,"compatopts_for_requires":true,"noframes":null,"override":{"merge_connects":true,"merge_excludes":true,"merge_includes":true,"merge_matches":true,"orig_connects":[],"orig_excludes":[],"orig_includes":[],"orig_matches":["*://cloud.189.cn/web/share?code=*","*://cloud.189.cn/web/main/file/folder/*","*://cloud.189.cn/web/main/recentlyUploaded*"],"orig_noframes":true,"orig_run_at":"document-end","use_blockers":[],"use_connects":[],"use_excludes":[],"use_includes":[],"use_matches":[]},"run_at":null,"sandbox":null,"tab_types":null,"unwrap":null,"user_modified":null},"settings":{"enabled":true,"position":3},"meta":{"name":"雷利子","uuid":"713f00ee-ddcc-44b9-b8a6-f87d8cb435a3","modified":1653923478274,"file_url":"https://greasyfork.org/scripts/424022-%E9%9B%B7%E5%88%A9%E5%AD%90/code/%E9%9B%B7%E5%88%A9%E5%AD%90.user.js"}}